movie_title,release_date,genre,MPAA_rating,directors,revenue
Recess: School's Out,16-Feb-01,Comedy,G,Chuck Sheetz,"$54,656,124 "
D2: The Mighty Ducks,25-Mar-94,Comedy,PG,Sam Weisman,"$94,226,333 "
Home on the Range,2-Apr-04,Comedy,PG,Will Finn,"$67,910,166 "
Young Black Stallion,25-Dec-03,Adventure,G,Simon Wincer,"$9,254,344 "
What's Love Got to Do With It,9-Jun-93,Drama,R,Brian Gibson,"$79,618,610 "
Lady and the Tramp,22-Jun-55,Drama,G,Hamilton Luske,"$1,236,035,515 "
Corky Romano,12-Oct-01,Comedy,PG-13,Rob Pritts,"$35,705,805 "
The Waterboy,6-Nov-98,Comedy,PG-13,Frank Coraci,"$288,691,833 "
Captain America: The Winter Soldier,4-Apr-14,Action,PG-13,Anthony Russo,"$268,013,076 "
Pirates of the Caribbean: Dead Man’…,7-Jul-06,Adventure,PG-13,Gore Verbinski,"$544,817,142 "
Ladder 49,1-Oct-04,Action,PG-13,Jay Russell,"$101,161,045 "
Coyote Ugly,4-Aug-00,Drama,PG-13,David McNally,"$95,070,168 "
The Sixth Man,28-Mar-97,Comedy,PG-13,Randall Miller,"$27,117,599 "
Dick Tracy,15-Jun-90,Action,PG,Warren Beatty,"$207,231,621 "
Sister Act 2 Back in the Habit,10-Dec-93,Comedy,PG,Bill Duke,"$116,965,668 "
DuckTales: The Movie - Treasure of th…,3-Aug-90,Adventure,G,Bob Hathcock,"$36,107,823 "
Blame it on the Bellboy,6-Mar-92,Comedy,PG-13,Mark Herman,"$5,872,667 "
The Hunchback of Notre Dame,21-Jun-96,Adventure,G,Gary Trousdale,"$190,988,799 "
Ernest Goes to Jail,6-Apr-90,Comedy,PG,John R. Cherry III,"$49,999,822 "
Ant-Man,17-Jul-15,Action,PG-13,Peyton Reed,"$180,202,163 "
The Shaggy Dog,10-Mar-06,Comedy,PG,Brian Robbins,"$78,667,428 "
The Life Aquatic with Steve Zissou,10-Dec-04,Comedy,R,Wes Anderson,"$32,198,655 "
Bridge to Terabithia,16-Feb-07,Drama,PG,Gábor Csupó,"$100,760,721 "
Beauty and the Beast,13-Nov-91,Musical,G,Gary Trousdale,"$363,017,667 "
Miami Rhapsody,27-Jan-95,Romantic Comedy,PG-13,David Frankel,"$9,857,435 "
A Bug's Life,20-Nov-98,Adventure,G,John Lasseter,"$288,981,698 "
3 Men and a Little Lady,21-Nov-90,Comedy,PG,Emile Ardolino,"$143,108,869 "
The Puppet Masters,21-Oct-94,Horror,R,Stuart Orme,"$17,727,017 "
Signs,2-Aug-02,Thriller/Suspense,PG-13,M. Night Shyamalan,"$330,754,439 "
Dead Presidents,4-Oct-95,Drama,R,Albert Hughes,"$46,741,467 "
"McFarland, USA",20-Feb-15,Drama,PG,Niki Caro,"$44,480,275 "
George Of The Jungle,16-Jul-97,Comedy,PG,Sam Weisman,"$193,326,632 "
Bound by Honor,16-Apr-93,Crime,R,Taylor Hackford,"$9,156,084 "
The Avengers,4-May-12,Action,PG-13,Joss Whedon,"$660,081,224 "
Ten Things I Hate About You,31-Mar-99,Romantic Comedy,PG-13,Andre Paras,"$63,354,375 "
Earth,22-Apr-09,Documentary,G,Kevin Nolting,"$35,981,010 "
Hello Again,6-Nov-87,Comedy,PG,Tom Gustafson,"$44,024,529 "
When a Man Loves a Woman,29-Apr-94,Drama,R,Luis Mandoki,"$103,354,194 "
Unbreakable,22-Nov-00,Thriller/Suspense,PG-13,M. Night Shyamalan,"$148,208,901 "
3 Men and a Baby,25-Nov-87,Comedy,PG,Leonard Nimoy,"$353,334,607 "
X Games 3D: The Movie,21-Aug-09,Documentary,PG,Steven Lawrence,"$1,563,976 "
Cars 2,24-Jun-11,Adventure,G,John Lasseter,"$203,522,177 "
The Princess Diaries 2: Royal Engagement,11-Aug-04,Romantic Comedy,G,Garry Marshall,"$129,164,207 "
The Jungle Book 2,14-Feb-03,Adventure,G,Steve Trenbirth,"$66,966,883 "
Aspen Extreme,22-Jan-93,Romantic Comedy,PG-13,Patrick Hasburgh,"$15,970,955 "
Noises Off...,20-Mar-92,Comedy,PG-13,Peter Bogdanovich,"$4,631,720 "
He Got Game,1-May-98,Drama,R,Spike Lee,"$38,766,948 "
Bringing Down the House,7-Mar-03,Comedy,PG-13,Adam Shankman,"$185,481,530 "
Bon Voyage!,17-May-62,Comedy,Not Rated,Jean-Paul Rappeneau,"$109,581,646 "
Doctor Strange,4-Nov-16,Adventure,PG-13,Scott Derrickson,"$232,532,923 "
Flubber,26-Nov-97,Comedy,PG,Les Mayfield,"$170,406,423 "
Roving Mars,27-Jan-06,Documentary,G,George Butler,"$12,948,025 "
Captain Ron,18-Sep-92,Comedy,PG-13,Thom Eberhardt,"$45,741,576 "
Shadow Conspiracy,31-Jan-97,Thriller/Suspense,R,George P. Cosmatos,"$3,957,025 "
Good Morning Vietnam,23-Dec-87,Comedy,R,Barry Levinson,"$254,414,837 "
Babes in Toyland,14-Dec-61,Musical,G,Clive Donner,"$124,841,160 "
An Innocent Man,6-Oct-89,Drama,R,Peter Yates,"$40,983,414 "
Summer of Sam,2-Jul-99,Drama,R,Spike Lee,"$32,007,656 "
The Good Dinosaur,25-Nov-15,Adventure,PG,Peter Sohn,"$123,087,120 "
Angels in the Outfield,15-Jul-94,Comedy,PG,William Dear,"$103,798,152 "
Tough Guys,3-Oct-86,Comedy,PG,Jeff Kanew,"$48,758,184 "
Something Wicked This Way Comes,29-Apr-83,Horror,PG,Jack Clayton,"$15,136,765 "
The Rocketeer,21-Jun-91,Action,PG,Joe Johnston,"$93,256,673 "
Stakeout,5-Aug-87,Comedy,R,John Badham,"$141,592,160 "
National Treasure 2: Book of Secrets,21-Dec-07,Adventure,PG,Jon Turteltaub,"$267,003,525 "
Terminal Velocity,23-Sep-94,Action,PG-13,Deran Sarafian,"$34,048,315 "
Apocalypto,8-Dec-06,Adventure,R,Mel Gibson,"$64,959,548 "
Invincible,25-Aug-06,Drama,PG,Ericson Core,"$74,398,864 "
25th Hour,19-Dec-02,Drama,R,Spike Lee,"$18,325,463 "
Mighty Joe Young,25-Dec-98,Adventure,PG,Ron Underwood,"$87,906,042 "
Deceived,27-Sep-91,Thriller/Suspense,PG-13,Damian Harris,"$57,544,453 "
Never Cry Wolf,7-Oct-83,Drama,PG,Carroll Ballard,"$70,669,955 "
G-Force,24-Jul-09,Adventure,PG,Hoyt Yeatman,"$134,246,932 "
Feast of July,13-Oct-95,Drama,R,Christopher Menaul,"$568,342 "
The Lookout,30-Mar-07,Drama,R,Scott Frank,"$5,637,048 "
Cool Runnings,1-Oct-93,Comedy,PG,Jon Turteltaub,"$140,392,731 "
Alice Through the Looking Glass,27-May-16,Adventure,PG,James Bobin,"$77,042,381 "
The Devil and Max Devlin,1-Jan-81,Fantasy,PG,Steven Hilliard Stern,"$48,517,980 "
The Chronicles of Narnia: Prince Caspian,16-May-08,Adventure,PG,Andrew Adamson,"$166,277,038 "
The Insider,5-Nov-99,Drama,R,Michael Mann,"$47,794,214 "
Camp Nowhere,26-Aug-94,Comedy,PG,Jonathan Prince,"$21,576,332 "
The Rock,7-Jun-96,Action,R,Michael Bay,"$255,702,705 "
Green Card,25-Dec-90,Romantic Comedy,PG-13,Peter Weir,"$59,679,131 "
Real Steel,7-Oct-11,Action,PG-13,Shawn Levy,"$90,848,019 "
A Kid in King Arthur's Court,11-Aug-95,Adventure,PG,Michael Gottlieb,"$25,981,285 "
The Last Flight of Noah’s Ark,25-Jun-80,Adventure,G,Charles Jarrott,"$34,472,116 "
African Cats,22-Apr-11,Documentary,G,Alastair Fothergill,"$16,401,551 "
Toy Story 3D Double Feature,2-Oct-09,Adventure,G,Unknown,"$34,509,545 "
Into the Woods,25-Dec-14,Musical,PG,Rob Marshall,"$130,894,237 "
Finding Nemo,30-May-03,Adventure,G,Andrew Stanton,"$518,148,559 "
The Good Mother,4-Nov-88,Drama,PG,Steve Antin,"$9,772,655 "
The Hundred-Foot Journey,8-Aug-14,Romantic Comedy,PG,Lasse Hallström,"$55,961,409 "
Pearl Harbor,25-May-01,Action,PG-13,Michael Bay,"$295,705,112 "
Pirates of the Caribbean: At World’…,24-May-07,Adventure,PG-13,Gore Verbinski,"$379,129,960 "
Color of Night,19-Aug-94,Thriller/Suspense,R,Richard Rush,"$40,804,816 "
Romy and Michele's High School Reunion,25-Apr-97,Comedy,R,David Mirkin,"$53,693,680 "
Cheetah,18-Aug-89,Adventure,TV-G,Oz Scott,"$16,653,473 "
Jack,9-Aug-96,Drama,PG-13,Christopher McQuarrie,"$111,792,852 "
Monsters University,21-Jun-13,Adventure,G,Dan Scanlon,"$278,395,641 "
The Fifth Estate,18-Oct-13,Drama,R,Bill Condon,"$3,374,251 "
Before and After,23-Feb-96,Drama,PG-13,Barbet Schroeder,"$16,482,589 "
Moonlight Mile,27-Sep-02,Drama,PG-13,Brad Silberling,"$9,909,094 "
A Stranger Among Us,17-Jul-92,Drama,PG-13,Sidney Lumet,"$24,950,752 "
The Lizzie McGuire Movie,2-May-03,Comedy,PG,Jim Fall,"$59,743,191 "
Krippendorf's Tribe,27-Feb-98,Comedy,PG-13,Todd Holland,"$13,608,633 "
crazy/beautiful,29-Jun-01,Drama,PG-13,John Stockwell,"$25,214,223 "
Adventures in Babysitting,3-Jul-87,Comedy,PG-13,John Schultz,"$72,853,569 "
The Game Plan,22-Sep-07,Comedy,PG,Andy Fickman,"$111,010,758 "
Splash,9-Mar-84,Comedy,PG,Ron Howard,"$157,057,661 "
Who Framed Roger Rabbit?,22-Jun-88,Comedy,PG,Robert Zemeckis,"$316,250,084 "
The Light Between Oceans,2-Sep-16,Drama,PG-13,Derek Cianfrance,"$12,545,979 "
The Guardian,29-Sep-06,Action,PG-13,Andrew Davis,"$70,801,353 "
The Sword in the Stone,25-Dec-63,Adventure,G,Wolfgang Reitherman,"$153,870,834 "
Mr. Holland's Opus,29-Dec-95,Drama,PG,Stephen Herek,"$157,508,868 "
The Rescuers Down Under,16-Nov-90,Adventure,G,Mike Gabriel,"$55,796,728 "
The Preacher's Wife,13-Dec-96,Drama,PG,Penny Marshall,"$91,076,877 "
Sarafina!,18-Sep-92,Drama,PG-13,Darrell James Roodt,"$14,841,352 "
Trenchcoat,11-Mar-83,Comedy,PG,Michael Tuchner,"$11,519,089 "
Confessions of a Teenage Drama Queen,20-Feb-04,Comedy,PG,Sara Sugarman,"$39,816,568 "
Around the World in 80 Days,16-Jun-04,Adventure,PG,Frank Coraci,"$32,585,356 "
Blaze,13-Dec-89,Drama,R,Ethan Hawke,"$39,884,640 "
Toy Story,22-Nov-95,Adventure,G,John Lasseter,"$370,409,631 "
Prince of Persia: Sands of Time,28-May-10,Action,PG-13,Mike Newell,"$96,971,361 "
Eddie,31-May-96,Comedy,PG-13,Dexter Fletcher,"$59,828,966 "
White Fang 2: Myth of the White Wolf,15-Apr-94,Adventure,PG,Ken Olin,"$18,083,994 "
White Squall,2-Feb-96,Adventure,PG-13,Ridley Scott,"$19,509,726 "
The Invisible,27-Apr-07,Thriller/Suspense,PG-13,Leigh Whannell,"$25,202,168 "
Guilty as Sin,4-Jun-93,Thriller/Suspense,R,Sidney Lumet,"$46,064,723 "
Operation Dumbo Drop,28-Jul-95,Adventure,PG,Simon Wincer,"$47,809,421 "
Ghosts of the Abyss,11-Apr-03,Documentary,G,James Cameron,"$23,803,108 "
Scenes from a Mall,22-Feb-91,Comedy,R,Paul Mazursky,"$19,149,495 "
The BFG,1-Jul-16,Adventure,PG,Steven Spielberg,"$55,483,770 "
Tron,9-Jul-82,Action,PG,Joseph Kosinski,"$77,184,895 "
Firelight,4-Sep-98,Drama,R,William Nicholson,"$1,409,943 "
Delivery Man,22-Nov-13,Comedy,PG-13,Ken Scott,"$31,787,136 "
New York Stories,1-Mar-89,Drama,PG,Francis Ford Coppola,"$22,740,861 "
Disorganized Crime,14-Apr-89,Comedy,R,Jim Kouf,"$15,233,465 "
Tom and Huck,22-Dec-95,Adventure,PG,Peter Hewitt,"$45,911,517 "
Keeping the Faith,14-Apr-00,Romantic Comedy,PG-13,Edward Norton,"$57,925,202 "
Grosse Pointe Blank,11-Apr-97,Black Comedy,R,George Armitage,"$51,579,764 "
Indian Summer,23-Apr-93,Comedy,R,Mike Binder,"$29,968,953 "
The Princess and the Frog,25-Nov-09,Adventure,G,Ron Clements,"$116,316,457 "
Billy Bathgate,1-Nov-91,Drama,R,Robert Benton,"$31,167,691 "
3 Ninjas Kick Back,6-May-94,Action,PG,Charles T. Kanganis,"$24,267,154 "
My Boyfriend's Back,6-Aug-93,Comedy,PG-13,Bob Balaban,"$6,554,384 "
Goal! The Dream Begins,12-May-06,Drama,PG,Danny Cannon,"$5,512,647 "
Country,29-Sep-84,Drama,PG-13,Francis Lee,"$21,075,000 "
Big Trouble,5-Apr-02,Comedy,PG-13,Barry Sonnenfeld,"$10,537,188 "
People Like Us,29-Jun-12,Drama,PG-13,Alex Kurtzman,"$13,165,822 "
Mars Needs Moms,11-Mar-11,Adventure,PG,Simon Wells,"$22,741,603 "
Angie,4-Mar-94,Comedy,R,Martha Coolidge,"$19,116,981 "
Deuce Bigalow: Male Gigolo,10-Dec-99,Comedy,R,Mike Mitchell,"$106,921,374 "
Veronica Guerin,17-Oct-03,Drama,R,Joel Schumacher,"$2,194,759 "
Max Keeble's Big Move,5-Oct-01,Comedy,PG,Tim Hill,"$25,749,730 "
The Scarlet Letter,13-Oct-95,Drama,R,Roland Joffé,"$20,075,033 "
D3: The Mighty Ducks,4-Oct-96,Comedy,PG,Rob Lieberman,"$43,713,554 "
Up,29-May-09,Adventure,PG,Darrell Van Citters,"$329,336,681 "
Alive,15-Jan-93,Adventure,R,Santiago Menghini,"$73,914,543 "
Can't Buy Me Love,14-Aug-87,Romantic Comedy,PG-13,Steve Rash,"$68,181,300 "
The Hoax,6-Apr-07,Drama,R,Lasse Hallström,"$8,779,196 "
Fantasia,13-Nov-40,Musical,G,David Hand,"$2,187,090,808.00 "
Crimson Tide,12-May-95,Action,R,Tony Scott,"$177,102,077 "
Ransom,8-Nov-96,Action,R,Ron Howard,"$259,807,820 "
Pretty Woman,23-Mar-90,Romantic Comedy,R,Garry Marshall,"$356,389,765 "
Inspector Gadget,23-Jul-99,Comedy,PG,David Kellogg,"$161,610,341 "
Winnie the Pooh,15-Jul-11,Adventure,G,Stephen J. Anderson,"$28,375,869 "
The Tigger Movie,11-Feb-00,Adventure,G,Jun Falkenstein,"$71,228,678 "
Heavy Weights,17-Feb-95,Comedy,PG,Steven Brill,"$34,245,779 "
What About Bob?,17-May-91,Comedy,PG,Frank Oz,"$127,571,325 "
Condorman,7-Aug-81,Action,G,Charles Jarrott,$0 
The Haunted Mansion,26-Nov-03,Comedy,PG,Rob Minkoff,"$105,775,678 "
The Hitchhiker's Guide to the Galaxy,29-Apr-05,Comedy,PG,Garth Jennings,"$67,096,891 "
Bedknobs and Broomsticks,7-Oct-71,Musical,G,Robert Stevenson,"$91,305,448 "
Pooh's Heffalump Movie,11-Feb-05,Adventure,G,Frank Nissen,"$23,801,835 "
Open Range,15-Aug-03,Western,R,Kevin Costner,"$81,547,672 "
D.O.A.,18-Mar-88,Thriller/Suspense,PG-13,Annabel Jankel,"$26,062,188 "
Meet the Deedles,27-Mar-98,Comedy,PG,Steve Boyum,"$7,829,877 "
A Beautiful Planet,29-Apr-16,Documentary,G,Toni Myers,"$7,895,708 "
Sister Act,29-May-92,Comedy,PG,Emile Ardolino,"$283,583,472 "
Strange Magic,23-Jan-15,Adventure,PG,Gary Rydstrom,"$12,429,583 "
The Many Adventures of Winnie the Pooh,11-Mar-77,Animation,G,Wolfgang Reitherman,$0 
Quiz Show,14-Sep-94,Drama,PG-13,Robert Redford,"$50,840,394 "
While You Were Sleeping,21-Apr-95,Romantic Comedy,PG,Jon Turteltaub,"$157,082,900 "
Bedtime Stories,25-Dec-08,Comedy,PG,Adam Shankman,"$128,039,679 "
"The Chronicles of Narnia: The Lion, t…",9-Dec-05,Adventure,PG,Andrew Adamson,"$381,557,539 "
Instinct,4-Jun-99,Drama,R,Paul Verhoeven,"$56,595,842 "
Step Up,11-Aug-06,Drama,PG-13,Anne Fletcher,"$84,078,780 "
G.I. Jane,22-Aug-97,Drama,R,Ridley Scott,"$88,467,531 "
Oscar,26-Apr-91,Comedy,PG,Éric-Emmanuel Schmitt,"$47,181,395 "
The Parent Trap,29-Jul-98,Comedy,PG,Nancy Meyers,"$119,185,667 "
Primeval,12-Jan-07,Adventure,R,Michael Katleman,"$12,985,302 "
The Lone Ranger,2-Jul-13,Western,PG-13,Gore Verbinski,"$92,597,388 "
"Monsters, Inc.",2-Nov-01,Adventure,G,Pete Docter,"$416,073,179 "
Reign of Fire,19-Feb-02,Action,PG-13,Rob Bowman,"$62,480,631 "
Running Brave,4-Nov-83,Drama,PG,Donald Shebib,"$3,223,725 "
Dinosaur,19-May-00,Adventure,PG,Ralph Zondag,"$215,438,985 "
Rushmore,11-Dec-98,Black Comedy,R,Wes Anderson,"$28,392,518 "
Freaky Friday,21-Jan-77,Comedy,PG,Mark Waters,"$98,067,733 "
The 13th Warrior,27-Aug-99,Action,R,John McTiernan,"$54,262,148 "
Brave,22-Jun-12,Adventure,PG,Brenda Chapman,"$251,292,441 "
Eight Below,17-Feb-06,Adventure,PG,Frank Marshall,"$105,037,235 "
Gake no ue no Ponyo,14-Aug-09,Adventure,G,Hayao Miyazaki,"$16,961,607 "
Queen of Katwe,23-Sep-16,Drama,PG,Mira Nair,"$8,874,389 "
Straight Talk,3-Apr-92,Comedy,PG,Barnet Kellman,"$43,068,356 "
Holy Man,9-Oct-98,Comedy,PG,Stephen Herek,"$21,694,605 "
The Sorcerer's Apprentice,14-Jul-10,Adventure,PG,Jon Turteltaub,"$67,473,105 "
Stella,2-Feb-90,Drama,PG-13,Thomas Sieben,"$40,077,147 "
An American Werewolf in Paris,25-Dec-97,Horror,R,Anthony Waller,"$48,546,161 "
The Mighty Ducks,2-Oct-92,Comedy,PG,Stephen Herek,"$103,120,810 "
Tall Tale,24-Mar-95,Western,PG,Jeremiah S. Chechik,"$15,983,331 "
Tangled,24-Nov-10,Adventure,PG,Nathan Greno,"$214,388,548 "
Ed Wood,30-Sep-94,Comedy,R,Tim Burton,"$12,042,634 "
The Jerky Boys,3-Feb-95,Comedy,R,James Melkonian,"$14,641,561 "
The Rich Man's Wife,13-Sep-96,Thriller/Suspense,R,Amy Holden Jones,"$16,284,619 "
"20,000 Leagues Under the Sea",23-Dec-54,Adventure,G,Richard Fleischer,"$528,279,994 "
Super Mario Bros.,28-May-93,Action,PG,Annabel Jankel,"$42,445,058 "
The Proposal,19-Jun-09,Romantic Comedy,PG-13,Anne Fletcher,"$184,288,829 "
Race to Witch Mountain,13-Mar-09,Adventure,PG,Andy Fickman,"$75,501,997 "
The Adventures of Huck Finn,2-Apr-93,Adventure,PG,Stephen Sommers,"$49,080,505 "
Jefferson in Paris,31-Mar-95,Drama,PG-13,James Ivory,"$4,770,461 "
The Jungle Book,15-Apr-16,Adventure,PG,Wolfgang Reitherman,"$364,001,123 "
Sky High,29-Jul-05,Adventure,PG,Mike Mitchell,"$84,088,854 "
Toy Story 2,19-Nov-99,Adventure,G,John Lasseter,"$404,450,426 "
The Rescuers,22-Jun-77,Adventure,G,Wolfgang Reitherman,"$159,743,914 "
Remember the Titans,29-Sep-00,Drama,PG,Boaz Yakin,"$180,742,479 "
A Lot Like Love,22-Apr-05,Comedy,PG-13,Nigel Cole,"$28,716,947 "
3 Ninjas,7-Aug-92,Action,PG,Jon Turteltaub,"$58,965,304 "
Flight of the Navigator,30-Jul-86,Adventure,PG,Randal Kleiser,"$42,183,197 "
America's Heart and Soul,2-Jul-04,Documentary,Not Rated,Louis Schwartsberg,"$426,246 "
Swing Vote,1-Aug-08,Comedy,PG-13,Joshua Michael Stern,"$19,125,841 "
The Straight Story,15-Oct-99,Drama,G,David Lynch,"$10,111,144 "
The Kid,7-Jul-00,Comedy,PG,Jon Turteltaub,"$108,993,148 "
Enchanted,21-Nov-07,Romantic Comedy,PG,Kevin Lima,"$156,074,310 "
Zootopia,4-Mar-16,Adventure,PG,Byron Howard,"$341,268,248 "
I'll Be Home For Christmas,13-Nov-98,Comedy,PG,James Brolin,"$21,941,840 "
The War at Home,20-Nov-96,Drama,R,Emilio Estevez,"$65,543 "
Peter Pan: Return to Neverland,15-Feb-02,Adventure,G,Robin Budd,"$70,269,715 "
Ratatouille,29-Jun-07,Comedy,G,Brad Bird,"$252,955,933 "
Secretariat,8-Oct-10,Drama,PG,Randall Wallace,"$63,781,920 "
Medicine Man,7-Feb-92,Drama,PG-13,John McTiernan,"$91,304,495 "
A Thousand Acres,19-Sep-97,Drama,R,Jocelyn Moorhouse,"$14,561,324 "
Mission to Mars,10-Mar-00,Adventure,PG,Brian De Palma,"$95,208,344 "
Brother Bear,24-Oct-03,Adventure,G,Robert Walker,"$119,218,333 "
Snow White and the Seven Dwarfs,21-Dec-37,Musical,G,David Hand,"$5,228,953,251.00 "
Toy Story 3,18-Jun-10,Adventure,G,Lee Unkrich,"$443,408,255 "
Miracle,6-Feb-04,Drama,PG,T.C. Christensen,"$87,392,478 "
My Favorite Martian,12-Feb-99,Comedy,PG,Donald Petrie,"$61,150,849 "
Benji the Hunted,5-Jun-87,Adventure,G,Joe Camp,"$32,798,382 "
A Far Off Place,12-Mar-93,Adventure,PG,Mikael Salomon,"$26,248,558 "
Old Dogs,25-Nov-09,Comedy,PG,Walt Becker,"$55,503,929 "
Alice in Wonderland,5-Mar-10,Adventure,PG,Clyde Geronimi,"$357,063,499 "
The Little Mermaid,15-Nov-89,Adventure,G,Ron Clements,"$223,726,012 "
Stick It,28-Apr-06,Comedy,PG-13,Jessica Bendinger,"$34,634,731 "
Funny Bones,31-Mar-95,Comedy,R,Peter Chelsom,"$1,025,425 "
Cars,9-Jun-06,Comedy,G,John Lasseter,"$314,140,384 "
Bicentennial Man,17-Dec-99,Drama,PG,Chris Columbus,"$94,838,225 "
Chimpanzee,20-Apr-12,Documentary,G,Alastair Fothergill,"$30,675,725 "
The Apple Dumpling Gang,1-Jul-75,Comedy,G,Norman Tokar,"$131,246,872 "
The Other Sister,26-Feb-99,Romantic Comedy,PG-13,Garry Marshall,"$46,145,331 "
A Simple Twist of Fate,2-Sep-94,Drama,PG-13,Gillies MacKinnon,"$7,035,189 "
Where the Heart Is,23-Feb-90,Comedy,PG-13,Matt Williams,"$2,210,321 "
Kaze Tachinu,8-Nov-13,Drama,PG-13,Mitsuo Wakasugi,"$5,367,415 "
Off Beat,11-Apr-86,Comedy,PG,Michael Dinner,"$11,003,932 "
The Greatest Game Ever Played,30-Sep-05,Drama,PG,Bill Paxton,"$20,162,672 "
The Three Musketeers,12-Nov-93,Adventure,PG,William Lau,"$109,310,377 "
A Civil Action,25-Dec-98,Drama,PG-13,Steven Zaillian,"$94,139,530 "
Walt and El Grupo,10-Sep-09,Documentary,PG,Theodore Thomas,"$23,064 "
Powder,27-Oct-95,Drama,PG-13,Victor Salva,"$59,727,216 "
1492: Conquest of Paradise,9-Oct-92,Adventure,PG-13,Ridley Scott,"$14,421,454 "
The Cemetery Club,3-Feb-93,Comedy,PG-13,Bill Duke,"$11,369,541 "
Stay Alive,24-Mar-06,Horror,PG-13,William Brent Bell,"$29,712,825 "
That Darn Cat,14-Feb-97,Comedy,PG,Bob Spiers,"$33,613,158 "
The Muppet Christmas Carol,11-Dec-92,Comedy,G,Brian Henson,"$55,417,615 "
Step Up 2 the Streets,14-Feb-08,Drama,PG-13,Jon M. Chu,"$68,118,371 "
Fantasia 2000 (Theatrical Release),16-Jun-00,Musical,G,Unknown,"$14,238,144 "
The Santa Clause 2,1-Nov-02,Comedy,G,Michael Lembeck,"$201,959,095 "
The Recruit,31-Jan-03,Thriller/Suspense,PG-13,Roger Donaldson,"$73,793,522 "
Money for Nothing,10-Sep-93,Comedy,R,Ramón Menéndez,"$2,127,496 "
Bad Company,20-Jan-95,Thriller/Suspense,R,Joel Schumacher,"$6,829,092 "
I Love Trouble,29-Jun-94,Romantic Comedy,PG,Charles Shyer,"$63,651,027 "
The Absent Minded Professor,16-Mar-61,Comedy,G,Robert Stevenson,"$310,094,574 "
Jungle 2 Jungle,7-Mar-97,Comedy,PG,John Pasquin,"$110,058,379 "
Tex,19-Nov-82,Drama,R,Tim Hunter,"$20,643,199 "
Life With Mikey,4-Jun-93,Comedy,PG,James Lapine,"$25,146,538 "
Gone Fishin',30-May-97,Comedy,PG,Christopher Cain,"$36,265,379 "
Rogue One: A Star Wars Story,16-Dec-16,Adventure,PG-13,Gareth Edwards,"$529,483,936 "
The Marrying Man,5-Apr-91,Romantic Comedy,R,Jerry Rees,"$24,939,118 "
Bubble Boy,24-Aug-01,Comedy,PG-13,Blair Hayes,"$7,450,434 "
Baby: Secret of the Lost Legend,22-Mar-85,Adventure,PG,Bill L. Norton,"$33,900,697 "
The Fox and the Hound,10-Jul-81,Comedy,G,Art Stevens,"$133,118,889 "
High Heels and Low Lifes,26-Oct-01,Action,R,Mel Smith,"$337,782 "
The Tie That Binds,8-Sep-95,Thriller/Suspense,R,Wesley Strick,"$11,167,895 "
John Carter,9-Mar-12,Adventure,PG-13,Andrew Stanton,"$77,372,445 "
Blank Check,11-Feb-94,Comedy,PG,Rupert Wainwright,"$63,170,804 "
Guardians of the Galaxy,1-Aug-14,Adventure,PG-13,James Gunn,"$343,771,168 "
Star Wars Ep. VII: The Force Awakens,18-Dec-15,Adventure,PG-13,Unknown,"$936,662,225 "
A Goofy Movie,7-Apr-95,Comedy,G,Kevin Lima,"$68,479,579 "
Hocus Pocus,16-Jul-93,Comedy,PG,Kenny Ortega,"$80,147,079 "
Pete’s Dragon,12-Aug-16,Adventure,PG,David Lowery,"$76,233,151 "
Night Crossing,5-Feb-82,Drama,PG,Delbert Mann,"$12,903,059 "
Lilo & Stitch,21-Jun-02,Adventure,PG,Chris Sanders,"$211,506,702 "
Metro,17-Jan-97,Action,R,Thomas Carter,"$58,804,106 "
National Treasure,19-Nov-04,Adventure,PG,Jon Turteltaub,"$234,069,353 "
Shanghai Noon,26-May-00,Western,PG-13,Tom Dey,"$89,042,541 "
Dangerous Minds,11-Aug-95,Drama,R,John N. Smith,"$164,552,293 "
The Distinguished Gentleman,4-Dec-92,Comedy,R,Jonathan Lynn,"$94,349,900 "
The Secret World of Arietty,17-Feb-12,Adventure,G,Unknown,"$20,325,733 "
The Princess Diaries,3-Aug-01,Comedy,G,Garry Marshall,"$161,218,928 "
Step Up 3D,6-Aug-10,Drama,PG-13,Jon M. Chu,"$45,302,137 "
Underdog,3-Aug-07,Adventure,PG,Jon Erwin,"$53,619,462 "
Red Rock West,28-Jan-94,Crime,R,John Dahl,"$5,170,709 "
Captain America: Civil War,6-May-16,Action,PG-13,Anthony Russo,"$408,084,349 "
Mr. Wrong,16-Feb-96,Romantic Comedy,PG-13,Nick Castle,"$24,422,334 "
Nixon,20-Dec-95,Drama,R,Oliver Stone,"$26,302,005 "
The Ref,9-Mar-94,Comedy,R,Ted Demme,"$23,401,275 "
The Santa Clause 3: The Escape Clause,3-Nov-06,Comedy,G,Michael Lembeck,"$108,694,869 "
Ice Princess,18-Mar-05,Comedy,G,Tim Fywell,"$32,064,685 "
King Arthur,7-Jul-04,Adventure,PG-13,Antoine Fuqua,"$70,423,706 "
Nothing To Lose,18-Jul-97,Comedy,R,Steve Oedekerk,"$81,692,095 "
Herbie: Fully Loaded,22-Jun-05,Comedy,G,Angela Robinson,"$86,812,798 "
Father of the Bride,20-Dec-91,Comedy,PG,Charles Shyer,"$179,821,881 "
You Again,24-Sep-10,Comedy,PG,Andy Fickman,"$27,461,121 "
Treasure Planet,27-Nov-02,Adventure,PG,Ron Clements,"$55,189,145 "
The Great Mouse Detective,2-Jul-86,Adventure,G,Ron Clements,"$53,637,367 "
Cinderella,13-Mar-15,Drama,PG,Wilfred Jackson,"$201,151,353 "
Frozen,22-Nov-13,Adventure,PG,Chris Buck,"$414,997,174 "
Pirates of the Caribbean: On Stranger…,20-May-11,Adventure,PG-13,Rob Marshall,"$256,263,359 "
Zokkomon,22-Apr-11,Adventure,PG,Satyajit Bhatkal,"$2,984 "
Gross Anatomy,20-Oct-89,Drama,PG-13,Thom Eberhardt,"$23,972,012 "
The Incredibles,5-Nov-04,Adventure,PG,Brad Bird,"$354,488,708 "
Frank McKlusky C.I.,1-Jan-02,Action,PG-13,Arlene Sanford,$0 
Taking Care of Business,17-Aug-90,Comedy,R,Arthur Hiller,"$39,963,460 "
Tim Burton's The Nightmare Before Chr…,20-Oct-06,Musical,PG,Henry Selick,"$30,737,517 "
Cocktail,29-Jul-88,Drama,R,Roger Donaldson,"$160,442,289 "
Gun Shy,4-Feb-00,Comedy,R,Simon West,"$2,562,155 "
Mr. Destiny,12-Oct-90,Comedy,PG-13,James Orr,"$30,722,056 "
Herbie Goes to Monte Carlo,24-Jun-77,Romance,G,Vincent McEveety,"$105,847,527 "
Evita,25-Dec-96,Musical,PG,Alan Parker,"$92,077,628 "
Dark Water,8-Jul-05,Thriller/Suspense,PG-13,Walter Salles,"$33,500,491 "
Piglet's Big Movie,21-Mar-03,Comedy,G,Francis Glebas,"$32,298,812 "
Kazaam,17-Jul-96,Comedy,PG,Paul Michael Glaser,"$36,009,655 "
Déjà Vu,22-Nov-06,Thriller/Suspense,PG-13,Tony Scott,"$82,267,038 "
Waking Sleeping Beauty,26-Mar-10,Documentary,PG,Don Hahn,"$86,264 "
The Count of Monte Cristo,25-Jan-02,Drama,PG-13,Kevin Reynolds,"$78,682,079 "
The Program,24-Sep-93,Action,R,Stephen Frears,"$46,919,256 "
When in Rome,29-Jan-10,Romantic Comedy,PG-13,Mark Steven Johnson,"$34,917,330 "
Born Yesterday,26-Mar-93,Romantic Comedy,PG,George Cukor,"$36,165,012 "
The Alamo,9-Apr-04,Western,PG-13,John Lee Hancock,"$30,416,359 "
Mad Love,26-May-95,Drama,PG-13,Antonia Bird,"$29,934,306 "
Armageddon,1-Jul-98,Adventure,PG-13,Michael Bay,"$362,324,957 "
Air Bud,1-Aug-97,Comedy,PG,Charles Martin Smith,"$45,266,588 "
Fire Birds,24-May-90,Action,PG-13,David Green,"$29,485,923 "
The Black Cauldron,24-Jul-85,Adventure,PG,Ted Berman,"$50,553,142 "
Oz the Great and Powerful,8-Mar-13,Adventure,PG,Sam Raimi,"$243,434,130 "
Two Much,15-Mar-96,Romantic Comedy,PG-13,Fernando Trueba,"$2,057,055 "
102 Dalmatians,22-Nov-00,Comedy,G,Kevin Lima,"$104,055,039 "
The Pacifier,4-Mar-05,Comedy,PG,Adam Shankman,"$148,619,029 "
Prom,29-Apr-11,Comedy,PG,Paul Lynch,"$10,768,946 "
Un indien dans la ville,22-Mar-96,Comedy,PG,Hervé Palud,"$1,963,937 "
Annapolis,27-Jan-06,Drama,PG-13,Justin Lin,"$22,044,113 "
The Country Bears,26-Jul-02,Adventure,G,Peter Hastings,"$24,650,121 "
Planes: Fire and Rescue,18-Jul-14,Adventure,PG,Roberts Gannaway,"$61,040,349 "
Tin Men,6-Mar-87,Comedy,R,Barry Levinson,"$54,787,202 "
Renaissance Man,3-Jun-94,Comedy,PG-13,Penny Marshall,"$49,945,474 "
Playing God,17-Oct-97,Thriller/Suspense,R,Andy Wilson,"$7,652,965 "
Phenomenon,5-Jul-96,Drama,PG,Jon Turteltaub,"$199,559,799 "
Gnomeo and Juliet,11-Feb-11,Comedy,G,Kelly Asbury,"$106,270,797 "
The Color of Money,17-Oct-86,Drama,R,Martin Scorsese,"$117,957,323 "
Blackbeard's Ghost,8-Feb-68,Comedy,G,Robert Stevenson,"$138,612,686 "
Ernest Scared Stupid,11-Oct-91,Comedy,PG,John R. Cherry III,"$28,320,147 "
The Emperor's New Groove,15-Dec-00,Adventure,G,Mark Dindal,"$136,789,252 "
Double Take,12-Jan-01,Action,PG-13,George Gallo,"$44,418,589 "
Rocket Man,10-Oct-97,Comedy,PG,Oscar Rudolph,"$28,371,890 "
Mulan,19-Jun-98,Adventure,G,Barry Cook,"$216,807,832 "
Song of the South,12-Nov-46,Adventure,G,Wilfred Jackson,"$1,078,510,579 "
The Black Hole,21-Dec-79,Adventure,PG,Gary Nelson,"$120,377,374 "
Raising Helen,28-May-04,Comedy,PG-13,Garry Marshall,"$50,886,144 "
A Gun in Betty Lou's Handbag,21-Aug-92,Comedy,PG-13,Allan Moyle,"$7,295,423 "
The Air Up There,7-Jan-94,Comedy,PG,Paul Michael Glaser,"$42,940,186 "
Roommates,3-Mar-95,Comedy,PG,Peter Yates,"$23,404,369 "
Morning Light,17-Oct-08,Documentary,PG,Mark Monroe,"$322,979 "
Valiant,19-Aug-05,Adventure,G,Gary Chapman,"$25,616,292 "
Down and Out in Beverly Hills,31-Jan-86,Comedy,R,Paul Mazursky,"$141,183,693 "
Tarzan,16-Jun-99,Adventure,G,Chris Buck,"$283,900,254 "
The Royal Tenenbaums,14-Dec-01,Black Comedy,R,Wes Anderson,"$76,758,193 "
James and the Giant Peach,12-Apr-96,Adventure,PG,Henry Selick,"$55,159,783 "
"Mystery, Alaska",1-Oct-99,Comedy,R,Jay Roach,"$14,755,189 "
Last Dance,3-May-96,Drama,R,Thomas Carter,"$11,171,714 "
My Science Project,9-Aug-85,Comedy,PG,Jonathan R. Betuel,"$9,736,051 "
Homeward Bound II: Lost in San Franc…,8-Mar-96,Adventure,G,David R. Ellis,"$62,384,706 "
The Muppets,23-Nov-11,Comedy,PG,James Bobin,"$94,189,503 "
Turner & Hooch,28-Jul-89,Comedy,PG,Roger Spottiswoode,"$150,176,361 "
Oceans,22-Apr-10,Documentary,G,Gary Ross,"$20,751,600 "
It's Pat,26-Aug-94,Comedy,PG-13,Adam Bernstein,"$125,666 "
The Finest Hours,29-Jan-16,Thriller/Suspense,PG,Craig Gillespie,"$27,569,558 "
Shoot to Kill,12-Feb-88,Action,R,Roger Spottiswoode,"$60,097,074 "
Hannah Montana the Movie,10-Apr-09,Drama,G,Peter Chelsom,"$89,443,640 "
First Kid,30-Aug-96,Comedy,PG,David M. Evans,"$50,465,108 "
Consenting Adults,16-Oct-92,Drama,R,Alan J. Pakula,"$43,859,823 "
Dan in Real Life,20-Oct-07,Romantic Comedy,PG-13,Peter Hedges,"$58,350,234 "
Sorority Boys,22-Mar-02,Comedy,R,Wallace Wolodarsky,"$14,797,862 "
Simon Birch,11-Sep-98,Drama,PG,Mark Steven Johnson,"$32,809,442 "
In the Army Now,12-Aug-94,Comedy,PG,Daniel Petrie Jr.,"$59,673,787 "
Bad Company,7-Jun-02,Action,PG-13,Joel Schumacher,"$43,756,218 "
Wreck-It Ralph,2-Nov-12,Adventure,PG,Rich Moore,"$200,354,959 "
Iron Man 3,3-May-13,Action,PG-13,Shane Black,"$424,084,233 "
Cinderella,15-Feb-50,Drama,G,Wilfred Jackson,"$920,608,730 "
One Magic Christmas,22-Nov-85,Drama,G,Phillip Borsos,"$31,415,432 "
Beverly Hills Chihuahua,3-Oct-08,Comedy,PG,Raja Gosnell,"$110,932,022 "
WALL-E,27-Jun-08,Adventure,G,Andrew Stanton,"$262,771,918 "
Aladdin,11-Nov-92,Comedy,G,Ron Clements,"$441,969,178 "
Casanova,25-Dec-05,Drama,R,Lasse Hallström,"$14,574,087 "
Thor: The Dark World,8-Nov-13,Adventure,PG-13,Alan Taylor,"$213,962,184 "
Monkey Kingdom,17-Apr-15,Documentary,G,Alastair Fothergill,"$16,432,322 "
Ernest Saves Christmas,11-Nov-88,Comedy,PG,John R. Cherry III,"$57,845,202 "
Hannah Montana/Miley Cyrus: Best of B…,1-Feb-08,Concert/Performance,G,Unknown,"$76,646,993 "
Saving Mr. Banks,13-Dec-13,Drama,PG-13,John Lee Hancock,"$86,249,969 "
The Aristocats,24-Apr-70,Musical,G,Wolfgang Reitherman,"$255,161,499 "
Calendar Girls,19-Dec-03,Comedy,PG-13,Nigel Cole,"$42,379,650 "
Unstrung Heroes,15-Sep-95,Drama,PG,Diane Keaton,"$15,365,850 "
Three Fugitives,27-Jan-89,Comedy,PG-13,Francis Veber,"$85,757,817 "
Tomorrowland,22-May-15,Adventure,PG,Brad Bird,"$93,436,322 "
The Village,30-Jul-04,Thriller/Suspense,PG-13,M. Night Shyamalan,"$155,021,748 "
"Alexander and the Terrible, Horrible,…",10-Oct-14,Comedy,PG,Miguel Arteta,"$69,055,550 "
Arachnophobia,18-Jul-90,Thriller/Suspense,PG-13,Frank Marshall,"$106,290,270 "
Lincoln,9-Nov-12,Drama,PG-13,Timur Bekmambetov,"$192,122,330 "
The Horse Whisperer,15-May-98,Drama,PG-13,Robert Redford,"$135,497,531 "
Muppets Most Wanted,21-Mar-14,Comedy,PG,James Bobin,"$52,807,594 "
Fantasia 2000 (IMAX),1-Jan-00,Musical,G,Unknown,"$94,852,354 "
Spaced Invaders,27-Apr-90,Comedy,PG,Patrick Read Johnson,"$29,964,452 "
Just Visiting,6-Apr-01,Comedy,PG-13,Jean-Marie Poiré,"$7,114,869 "
Holes,18-Apr-03,Drama,PG,Andrew Davis,"$94,203,395 "
The Last Shot,24-Sep-04,Comedy,R,Jeff Nathanson,"$629,502 "
The Jungle Book,18-Oct-67,Musical,Not Rated,Wolfgang Reitherman,"$789,612,346 "
Meet the Robinsons,30-Mar-07,Adventure,G,Stephen J. Anderson,"$119,860,589 "
Dead Poets Society,2-Jun-89,Drama,PG,Peter Weir,"$202,531,517 "
Avengers: Age of Ultron,1-May-15,Action,PG-13,Joss Whedon,"$459,005,868 "
Man of the House,3-Mar-95,Comedy,PG,Stephen Herek,"$77,573,459 "
Bears,18-Apr-14,Documentary,G,Daniel Chong,"$18,346,024 "
Passed Away,24-Apr-92,Comedy,PG-13,Charlie Peters,"$8,187,848 "
ESPN's Ultimate X - The Movie,10-May-02,Documentary,PG,Unknown,"$6,089,874 "
Atlantis: The Lost Empire,8-Jun-01,Adventure,PG,Gary Trousdale,"$125,188,122 "
Ernest Goes to Camp,22-May-87,Comedy,PG,John R. Cherry III,"$50,686,462 "
Teacher's Pet: The Movie,16-Jan-04,Comedy,PG,Unknown,"$8,812,764 "
Spy Hard,24-May-96,Comedy,PG-13,Rick Friedberg,"$51,373,912 "
Snow Dogs,18-Jan-02,Comedy,PG,Brian Levant,"$117,745,317 "
Frankenweenie,5-Oct-12,Comedy,PG,Tim Burton,"$37,363,513 "
Tuck Everlasting,11-Oct-02,Drama,PG,Jay Russell,"$27,789,959 "
Hauru no ugoku shiro,10-Jun-05,Adventure,PG,Hayao Miyazaki,"$6,194,870 "
Gedo Senki (Tales from Earthsea),13-Aug-10,Adventure,PG-13,Unknown,"$51,988 "
Return to Oz,21-Jun-85,Adventure,G,Walter Murch,"$25,215,934 "
Disney's A Christmas Carol,6-Nov-09,Drama,PG,Robert Zemeckis,"$154,927,105 "
Prefontaine,24-Jan-97,Drama,PG-13,Steve James,"$1,085,093 "
Beaches,21-Dec-88,Drama,PG-13,Garry Marshall,"$120,381,757 "
101 Dalmatians,25-Jan-61,Comedy,G,Stephen Herek,"$1,362,870,985 "
The Last Song,31-Mar-10,Drama,PG,Julie Anne Robinson,"$67,258,772 "
Father Hood,27-Aug-93,Action,PG-13,Darrell James Roodt,"$6,654,819 "
Encino Man,22-May-09,Family,PG,Les Mayfield,
Sweet Home Alabama,27-Sep-02,Comedy,PG-13,Andy Tennant,"$184,521,151 "
Play it to the Bone,24-Dec-99,Comedy,R,Ron Shelton,"$13,180,524 "
The Odd Life of Timothy Green,15-Aug-12,Drama,PG,Peter Hedges,"$54,914,942 "
Honey I Blew Up the Kid,17-Jul-92,Comedy,PG,Randal Kleiser,"$119,162,518 "
Hercules,13-Jun-97,Adventure,G,Ron Clements,"$182,029,412 "
